point_ID,set_num,game_num,point_num,serve_num,server_id,returner_id,point_winner_id,court_side,serve_speed_kph,serve_type,fault_distance_missed_m,x_ball_serve_impact,y_ball_serve_impact,z_ball_serve_impact,rally_length,point_end_type,error_type,trapped_by_net,last_stroke_type,last_hand,last_stroke_net_height_m,winner_placement,unforcedErrorPlacement,is_break_point,is_break_point_converted,is_track_avail,x_serve_bounce,y_serve_bounce,z_serve_bounce,serve_dir,z_net_serve,x_net_serve,y_net_serve,last_ball_impact_x,last_ball_impact_y,last_ball_impact_z,last_ball_bounce_x,last_ball_bounce_y,last_ball_bounce_z,serve_return_impact_x,serve_return_impact_y,serve_return_impact_z,serve_return_net_x,serve_return_net_y,serve_return_net_z,serve_return_bounce_x,serve_return_bounce_y,serve_return_bounce_z,spin_rpm,is_fault,is_doublefault,is_tiebreak,is_ace,is_prev_doublefault,is_prev_ace,server_score,returner_score,player1,player2,p1_cum_games,p2_cum_games,p1_cum_sets,p2_cum_sets
1_1_1_1,1,1,1,1,15108,35961,,DeuceCourt,168.57 KPH,NA,0.77 Metre,11.454,0.815,2.768,0,Faulty Serve,Net Error,True,NA,ForeHand,0.77 Metre,NA,Net Error,False,False,True,0.766,-0.61,0.043,T,,,,11.454,0.815,2.768,0.766,-0.61,0.043,,,,,,,,,,NA,1,0,0,0,0,0,0,0,15108,35961,0,0,0,0
1_1_1_2,1,1,1,2,15108,35961,35961,DeuceCourt,134 KPH,Pronated,NA,11.692,1.064,2.853,2,Unforced Error,NA,False,Ground,ForeHand,3.33 Metre,NA,Long Error,False,False,True,-5.201,-1.203,0.037,T,,,,12.966,1.264,0.736,-12.262,-1.233,0.043,-11.289,-1.985,1.504,0.0,-0.785,1.747,9.962,0.729,0.042,2161.02,0,0,0,0,0,0,0,0,15108,35961,0,0,0,0
1_1_2_1,1,1,2,1,15108,35961,35961,AdCourt,168 KPH,Flat,NA,11.453,-1.123,2.753,6,Unforced Error,NA,False,Ground,ForeHand,2.24 Metre,NA,Long Error,False,False,True,-5.518,0.637,0.037,T,,,,11.224,-2.046,0.635,-12.885,4.57,0.033,-13.291,1.302,1.45,0.0,0.662,2.564,9.064,0.368,0.044,2811.48,0,0,0,0,0,0,0,1,15108,35961,0,0,0,0
1_1_3_1,1,1,3,1,15108,35961,15108,DeuceCourt,168 KPH,Flat,NA,11.39,0.84,2.731,5,Unforced Error,NA,False,Ground,BackHand,1.8 Metre,NA,Long Error,False,False,True,-4.38,-0.851,0.04,T,,,,-13.012,2.951,1.091,12.226,2.123,0.039,-13.093,-1.887,1.213,-0.0,1.085,1.349,6.902,2.903,0.039,1688.58,0,0,0,0,0,0,0,2,15108,35961,0,0,0,0
1_1_4_1,1,1,4,1,15108,35961,15108,AdCourt,165.87 KPH,NA,0.35 Metre,11.347,-1.179,2.704,0,Faulty Serve,Net Error,True,NA,ForeHand,0.89 Metre,NA,Net Error,False,False,True,0.351,2.526,0.035,Body,,,,11.347,-1.179,2.704,0.351,2.526,0.035,,,,,,,,,,1186.5,1,0,0,0,0,0,1,2,15108,35961,0,0,0,0
1_1_4_2,1,1,4,2,15108,35961,35961,AdCourt,131 KPH,Kick,NA,11.499,-1.242,2.783,2,Winner,NA,False,Ground,ForeHand,1.3 Metre,Down the Line,NA,False,False,True,-5.235,2.204,0.039,Body,,,,-10.907,3.279,1.626,7.681,2.722,0.04,-10.907,3.279,1.626,0.0,2.999,1.304,7.681,2.722,0.04,1964.82,0,0,0,0,0,0,1,2,15108,35961,0,0,0,0
1_1_5_1,1,1,5,1,15108,35961,35961,DeuceCourt,172 KPH,Flat,NA,11.353,0.982,2.736,10,Forced Error,NA,True,Ground,BackHand,0.8 Metre,NA,NA,True,True,True,-6.078,-0.964,0.036,T,,,,14.868,-3.177,0.797,0.395,-1.464,0.041,-13.12,-1.932,1.065,0.0,-1.082,1.115,5.895,-0.59,0.039,2417.52,0,0,0,0,0,0,1,3,15108,35961,0,0,0,0
1_2_1_1,1,2,1,1,35961,15108,35961,DeuceCourt,162 KPH,Flat,NA,11.271,1.343,2.699,3,Unforced Error,NA,False,Ground,BackHand,1.19 Metre,NA,Wide Error,False,False,True,-5.552,-1.407,0.038,Body,,,,-12.241,0.094,1.042,8.436,4.184,0.037,-12.564,-2.662,1.333,0.0,-1.328,1.764,10.893,-0.003,0.042,1891.14,0,0,0,0,0,0,0,0,15108,35961,0,1,0,0
1_2_2_1,1,2,2,1,35961,15108,35961,AdCourt,175 KPH,Flat,NA,11.279,-1.531,2.736,1,Forced Error,NA,False,Ground,BackHand,2.09 Metre,NA,NA,False,False,True,-6.418,3.417,0.035,Wide,,,,-12.096,4.974,1.053,12.043,-2.919,0.031,-12.096,4.974,1.053,-0.0,0.94,2.094,12.043,-2.919,0.031,1860.84,0,0,0,0,0,0,1,0,15108,35961,0,1,0,0
1_2_3_1,1,2,3,1,35961,15108,35961,DeuceCourt,175 KPH,Pronated,NA,11.332,1.224,2.725,1,Forced Error,NA,True,Ground,BackHand,1.24 Metre,NA,NA,False,False,True,-6.213,-0.213,0.037,T,,,,-12.931,-0.702,1.06,-8.108,-4.253,0.031,,,,,,,,,,963.9,0,0,0,0,0,0,2,0,15108,35961,0,1,0,0
1_2_4_1,1,2,4,1,35961,15108,35961,AdCourt,162 KPH,Pronated,NA,11.14,-1.384,2.756,13,Forced Error,NA,True,Approach,ForeHand,0.71 Metre,NA,NA,False,False,True,-4.942,2.632,0.038,Body,,,,-3.428,-3.592,0.373,,,,-12.07,4.541,1.183,0.0,0.7,1.65,9.649,-2.014,0.032,886.08,0,0,0,0,0,0,3,0,15108,35961,0,1,0,0
1_3_1_1,1,3,1,1,15108,35961,15108,DeuceCourt,166 KPH,Flat,NA,-11.379,-0.855,2.702,3,Unforced Error,NA,False,Ground,ForeHand,2.26 Metre,NA,Long Error,False,False,True,5.547,0.636,0.047,T,,,,14.135,-2.432,1.53,-12.151,-2.693,0.036,13.622,1.5,1.314,0.0,1.912,2.802,-11.754,2.591,0.04,2354.64,0,0,0,0,0,0,0,0,15108,35961,0,2,0,0
1_3_2_1,1,3,2,1,15108,35961,15108,AdCourt,168 KPH,Flat,NA,-11.344,1.067,2.727,3,Unforced Error,NA,True,Ground,ForeHand,0.5 Metre,NA,Net Error,False,False,True,4.749,-0.444,0.047,T,,,,14.383,2.3,1.063,1.162,0.401,0.045,14.583,-1.172,1.212,0.0,-0.285,2.019,-7.512,0.036,0.037,2805,0,0,0,0,0,0,1,0,15108,35961,0,2,0,0
1_3_3_1,1,3,3,1,15108,35961,15108,DeuceCourt,172.74 KPH,Flat,0.04 Metre,-11.39,-1.057,2.754,0,Faulty Serve,Long Error,False,NA,ForeHand,1.28 Metre,NA,NA,False,False,True,6.442,1.067,0.044,T,,,,-11.39,-1.057,2.754,6.442,1.067,0.044,,,,,,,,,,NA,1,0,0,0,0,0,2,0,15108,35961,0,2,0,0
1_3_3_2,1,3,3,2,15108,35961,15108,DeuceCourt,145 KPH,Flat,NA,-11.471,-0.856,2.782,5,Unforced Error,NA,False,Ground,ForeHand,1.89 Metre,NA,Long Error,False,False,True,5.915,3.182,0.039,Wide,,,,13.726,4.461,1.43,-12.093,4.083,0.033,10.357,4.336,1.269,0.0,1.85,1.421,-9.784,-0.371,0.046,1654.38,0,0,0,0,0,0,2,0,15108,35961,0,2,0,0
1_3_4_1,1,3,4,1,15108,35961,15108,AdCourt,175 KPH,Flat,NA,-11.276,1.058,2.696,3,Winner,NA,False,Drop,BackHand,1.31 Metre,Down the Line,NA,False,False,True,5.82,-2.967,0.03,Wide,,,,-10.37,2.301,0.521,2.982,3.287,0.032,12.518,-4.42,1.217,0.0,-0.758,0.993,-5.03,0.702,0.038,825.36,0,0,0,0,0,0,3,0,15108,35961,0,2,0,0
1_4_1_1,1,4,1,1,35961,15108,35961,DeuceCourt,175 KPH,Flat,NA,-11.061,-1.315,2.675,1,Forced Error,NA,True,Ground,BackHand,1.11 Metre,NA,NA,False,False,True,5.52,1.785,0.042,Body,,,,12.653,3.156,1.13,1.606,4.615,0.023,,,,,,,,,,1100.04,0,0,0,0,0,0,0,0,15108,35961,1,2,0,0
1_4_2_1,1,4,2,1,35961,15108,35961,AdCourt,163.65 KPH,NA,0.04 Metre,-11.212,1.37,2.699,0,Faulty Serve,Net Error,True,NA,ForeHand,0.88 Metre,NA,Net Error,False,False,True,-0.037,-0.639,0.042,T,,,,-11.212,1.37,2.699,-0.037,-0.639,0.042,,,,,,,,,,NA,1,0,0,0,0,0,1,0,15108,35961,1,2,0,0
1_4_2_2,1,4,2,2,35961,15108,35961,AdCourt,128 KPH,Flat,NA,-11.253,1.815,2.676,5,Winner,NA,False,Ground,ForeHand,1.13 Metre,Down the Line,NA,False,False,True,5.866,-2.397,0.031,Body,,,,-11.225,-1.223,1.088,6.804,-3.959,0.028,10.524,-3.543,1.384,0.0,-1.276,1.282,-5.866,-0.187,0.037,2591.34,0,0,0,0,0,0,1,0,15108,35961,1,2,0,0
1_4_3_1,1,4,3,1,35961,15108,35961,DeuceCourt,160 KPH,Flat,NA,-11.089,-1.18,2.631,9,Unforced Error,NA,True,Ground,ForeHand,0.96 Metre,NA,Net Error,False,False,True,5.105,3.278,0.034,Wide,,,,12.275,3.429,1.185,0.277,3.066,0.035,12.06,5.32,1.428,0.0,3.112,1.668,-5.248,1.919,0.038,2312.04,0,0,0,0,0,0,2,0,15108,35961,1,2,0,0
1_4_4_1,1,4,4,1,35961,15108,35961,AdCourt,162 KPH,Flat,NA,-11.024,1.292,2.609,5,Winner,NA,False,NA,BackHand,1.18 Metre,Cross Court,NA,False,False,True,5.561,-0.201,0.047,T,,,,-4.257,2.362,0.924,3.299,-3.027,0.032,13.184,-0.788,1.227,0.0,-1.226,4.854,5.709,-1.494,0.035,825.24,0,0,0,0,0,0,3,0,15108,35961,1,2,0,0
1_5_1_1,1,5,1,1,15108,35961,15108,DeuceCourt,165.18 KPH,Flat,2.25 Metre,11.443,0.78,2.748,0,Faulty Serve,Long Error,False,NA,BackHand,0.98 Metre,NA,Wide Error,False,False,True,-8.598,-4.573,0.031,Wide,,,,11.443,0.78,2.748,-8.598,-4.573,0.031,,,,,,,,,,NA,1,0,0,0,0,0,0,0,15108,35961,1,3,0,0
1_5_1_2,1,5,1,2,15108,35961,35961,DeuceCourt,138 KPH,Kick,NA,11.632,1.006,2.807,2,Unforced Error,NA,False,Ground,BackHand,1.77 Metre,NA,Wide Error,False,False,True,-3.368,-0.955,0.041,T,,,,12.26,-1.381,0.896,-10.024,4.185,0.033,-10.713,-1.918,1.724,-0.0,-1.83,1.474,8.172,-1.581,0.035,2164.32,0,0,0,0,0,0,0,0,15108,35961,1,3,0,0
1_5_2_1,1,5,2,1,15108,35961,35961,AdCourt,169.78 KPH,Pronated,3.46 Metre,11.37,-1.187,2.746,0,Faulty Serve,Long Error,False,NA,ForeHand,0.97 Metre,NA,Wide Error,False,False,True,-9.468,4.615,0.028,Wide,,,,11.37,-1.187,2.746,-9.468,4.615,0.028,,,,,,,,,,NA,1,0,0,0,0,0,0,1,15108,35961,1,3,0,0
1_5_2_2,1,5,2,2,15108,35961,15108,AdCourt,129 KPH,Flat,NA,11.671,-1.217,2.793,3,Forced Error,NA,True,Ground,ForeHand,1.45 Metre,NA,NA,False,False,True,-4.503,2.44,0.028,Body,,,,-14.126,-5.416,0.835,-9.911,-4.484,0.032,-10.376,3.743,1.5,-0.0,2.125,1.124,6.115,1.349,0.042,0,0,0,0,0,0,0,0,1,15108,35961,1,3,0,0
1_5_3_1,1,5,3,1,15108,35961,35961,DeuceCourt,168 KPH,Flat,NA,11.523,0.847,2.757,4,Forced Error,NA,False,NA,ForeHand,1.42 Metre,NA,NA,False,False,True,-5.138,-0.471,0.037,T,,,,5.396,2.421,0.361,-4.397,-4.339,0.038,-12.084,-1.185,1.128,-0.0,-1.043,1.472,7.18,-1.03,0.035,NA,0,0,0,0,0,0,1,1,15108,35961,1,3,0,0
1_5_4_1,1,5,4,1,15108,35961,35961,AdCourt,154 KPH,Flat,NA,11.482,-1.064,2.809,12,Forced Error,NA,True,Ground,ForeHand,1.12 Metre,NA,NA,False,False,True,-5.555,2.01,0.039,Body,,,,12.891,-2.484,1.099,1.011,-4.615,0.028,-13.509,3.175,1.164,0.0,1.28,2.634,9.743,-0.221,0.041,1165.26,0,0,0,0,0,0,1,2,15108,35961,1,3,0,0
1_5_5_1,1,5,5,1,15108,35961,15108,DeuceCourt,148 KPH,Slice,NA,11.402,0.994,2.787,1,Forced Error,NA,False,Ground,ForeHand,2.66 Metre,NA,NA,True,False,True,-4.274,-3.571,0.038,Wide,,,,-12.003,-6.121,1.359,12.885,-0.635,0.04,-12.003,-6.121,1.359,-0.0,-3.635,2.656,12.885,-0.635,0.04,2255.58,0,0,0,0,0,0,1,3,15108,35961,1,3,0,0
1_5_6_1,1,5,6,1,15108,35961,15108,AdCourt,150 KPH,Slice,NA,11.298,-1.023,2.769,1,Forced Error,NA,False,Ground,ForeHand,2.88 Metre,NA,NA,True,False,True,-4.76,0.311,0.038,T,,,,-12.797,0.691,1.346,7.932,4.615,0.032,-12.797,0.691,1.346,-0.0,4.171,2.88,7.932,4.615,0.032,2090.28,0,0,0,0,0,0,2,3,15108,35961,1,3,0,0
1_5_7_1,1,5,7,1,15108,35961,35961,DeuceCourt,168 KPH,Flat,NA,11.299,1.054,2.763,2,Forced Error,NA,True,Volley,ForeHand,0.5 Metre,NA,NA,False,False,True,-4.246,-0.712,0.04,T,,,,12.359,0.628,0.17,,,,-12.013,-1.779,1.209,-0.0,-0.634,1.849,11.874,0.574,0.042,1882.68,0,0,0,0,0,0,3,3,15108,35961,1,3,0,0
1_5_8_1,1,5,8,1,15108,35961,15108,AdCourt,148 KPH,Flat,NA,11.498,-0.924,2.798,7,Forced Error,NA,True,Passing,BackHand,0.17 Metre,NA,NA,True,False,True,-5.349,1.278,0.036,T,,,,-15.857,4.347,1.054,0.227,-4.615,0.027,-13.159,2.098,1.416,-0.0,1.713,1.904,8.803,1.39,0.042,1368.06,0,0,0,0,0,0,3,4,15108,35961,1,3,0,0
1_5_9_1,1,5,9,1,15108,35961,15108,DeuceCourt,157 KPH,Slice,NA,11.561,0.658,2.772,1,Forced Error,NA,False,Ground,ForeHand,2.72 Metre,NA,NA,False,False,True,-4.401,-3.781,0.038,Wide,,,,-11.332,-6.052,1.234,8.705,4.615,0.034,-11.332,-6.052,1.234,0.0,2.118,2.722,8.705,4.615,0.034,1519.38,0,0,0,0,0,0,4,4,15108,35961,1,3,0,0
1_5_10_1,1,5,10,1,15108,35961,35961,AdCourt,154 KPH,Slice,NA,11.448,-0.911,2.775,2,Winner,NA,False,Ground,ForeHand,2.08 Metre,Down the Line,NA,False,False,True,-4.724,1.371,0.038,T,,,,-10.963,2.019,1.343,11.605,2.862,0.038,-10.963,2.019,1.343,-0.0,2.63,2.076,11.605,2.862,0.038,2206.62,0,0,0,0,0,0,5,4,15108,35961,1,3,0,0
1_5_11_1,1,5,11,1,15108,35961,35961,DeuceCourt,155 KPH,Slice,NA,11.282,1.012,2.737,2,Winner,NA,False,Ground,ForeHand,1.23 Metre,Down the Line,NA,False,False,True,-5.21,-3.468,0.039,Wide,,,,-11.469,-5.467,1.381,7.753,-3.277,0.03,-11.469,-5.467,1.381,0.0,-4.055,1.233,7.753,-3.277,0.03,1842.72,0,0,0,0,0,0,5,5,15108,35961,1,3,0,0
1_5_12_1,1,5,12,1,15108,35961,15108,AdCourt,130 KPH,Kick,NA,11.403,-1.518,2.765,1,Forced Error,NA,False,Ground,BackHand,2.27 Metre,NA,NA,True,False,True,-4.472,3.745,0.028,Wide,,,,-11.019,5.791,1.545,12.64,3.81,0.04,-11.019,5.791,1.545,-0.0,4.742,2.272,12.64,3.81,0.04,1288.68,0,0,0,0,0,0,5,6,15108,35961,1,3,0,0
1_5_13_1,1,5,13,1,15108,35961,35961,DeuceCourt,154 KPH,Flat,NA,11.43,0.932,2.77,6,Winner,NA,False,Volley,ForeHand,1.55 Metre,Down the Line,NA,False,False,True,-3.959,-1.305,0.04,T,,,,-4.946,0.468,2.031,7.606,2.739,0.04,-12.013,-2.623,1.516,0.0,1.091,1.838,8.111,3.933,0.036,NA,0,0,0,0,0,0,6,6,15108,35961,1,3,0,0
1_5_14_1,1,5,14,1,15108,35961,15108,AdCourt,132 KPH,Pronated,NA,11.502,-1.145,2.787,7,Unforced Error,NA,True,Ground,ForeHand,0.77 Metre,NA,Net Error,True,True,True,-5.526,3.304,0.031,Wide,,,,-12.782,-1.663,0.985,-0.352,0.612,0.043,-13.105,5.289,1.572,0.0,0.813,2.007,8.934,-1.657,0.032,2313,0,0,0,0,0,0,6,7,15108,35961,1,3,0,0
1_5_15_1,1,5,15,1,15108,35961,15108,DeuceCourt,169.86 KPH,Slice,2.57 Metre,11.468,0.81,2.72,0,Faulty Serve,Long Error,False,NA,BackHand,1.63 Metre,NA,NA,False,False,True,-8.974,-1.176,0.037,T,,,,11.468,0.81,2.72,-8.974,-1.176,0.037,,,,,,,,,,NA,1,0,0,0,0,0,7,7,15108,35961,1,3,0,0
1_5_15_2,1,5,15,2,15108,35961,15108,DeuceCourt,150 KPH,Slice,NA,11.545,0.882,2.792,3,Forced Error,NA,True,Ground,BackHand,1.77 Metre,NA,NA,False,False,True,-5.661,-1.578,0.038,Body,,,,-13.568,2.577,0.716,-0.188,0.158,0.043,-10.509,-2.548,1.296,0.0,-1.648,1.489,7.52,-0.789,0.037,1056.18,0,0,0,0,0,0,7,7,15108,35961,1,3,0,0
1_5_16_1,1,5,16,1,15108,35961,35961,AdCourt,168 KPH,Flat,NA,11.31,-0.819,2.723,4,Winner,NA,False,Ground,ForeHand,1.2 Metre,Cross Court,NA,False,False,True,-4.27,0.638,0.04,T,,,,-12.639,1.567,1.294,7.09,-3.54,0.029,-14.025,1.341,1.305,0.0,-0.84,2.261,10.123,-2.469,0.03,2310.66,0,0,0,0,0,0,8,7,15108,35961,1,3,0,0
1_5_17_1,1,5,17,1,15108,35961,15108,DeuceCourt,167 KPH,Flat,NA,11.502,0.967,2.72,5,Winner,NA,False,Drop,ForeHand,1.21 Metre,Cross Court,NA,False,False,True,-4.934,-0.994,0.038,T,,,,5.815,2.877,0.425,-2.073,-1.904,0.041,-13.992,-2.146,1.166,0.0,-1.173,1.371,6.889,-0.505,0.04,927.78,0,0,0,0,0,0,8,8,15108,35961,1,3,0,0
1_5_18_1,1,5,18,1,15108,35961,15108,AdCourt,173.11 KPH,NA,NA,11.212,-0.985,2.734,0,Faulty Serve,NA,True,NA,BackHand,0.6 Metre,NA,NA,False,False,True,,,,,,,,11.212,-0.985,2.734,,,,,,,,,,,,,NA,1,0,0,0,0,0,9,8,15108,35961,1,3,0,0
1_5_18_2,1,5,18,2,15108,35961,35961,AdCourt,134 KPH,Slice,NA,11.516,-0.989,2.825,6,Winner,NA,False,Volley,BackHand,2.03 Metre,Down the Line,NA,False,False,True,-4.527,0.805,0.039,T,,,,-5.231,2.007,2.319,10.788,3.641,0.04,-10.652,1.233,1.216,-0.0,0.486,1.993,11.185,-0.4,0.041,NA,0,0,0,0,0,0,9,8,15108,35961,1,3,0,0
1_5_19_1,1,5,19,1,15108,35961,15108,DeuceCourt,145 KPH,Flat,NA,11.527,1.028,2.708,3,Forced Error,NA,False,Ground,BackHand,NA,NA,NA,False,False,True,-3.521,-3.309,0.037,Wide,,,,-15.279,3.32,1.054,12.818,1.643,0.038,-10.762,-5.629,1.364,-0.0,-0.936,2.017,9.415,2.909,0.039,1150.14,0,0,0,0,0,0,9,9,15108,35961,1,3,0,0
1_5_20_1,1,5,20,1,15108,35961,15108,AdCourt,171.14 KPH,Pronated,0.19 Metre,11.394,-1.129,2.753,0,Faulty Serve,Wide Error,False,NA,BackHand,1.18 Metre,NA,Wide Error,False,False,True,-5.481,4.304,0.031,Wide,,,,11.394,-1.129,2.753,-5.481,4.304,0.031,,,,,,,,,,NA,1,0,0,0,0,0,10,9,15108,35961,1,3,0,0
1_5_20_2,1,5,20,2,15108,35961,15108,AdCourt,136 KPH,Pronated,NA,11.541,-1.175,2.774,3,Forced Error,NA,True,Ground,BackHand,0.59 Metre,NA,NA,False,False,True,-5.953,3.044,0.036,Wide,,,,-12.322,4.295,0.89,,,,-10.208,4.087,1.418,0.0,0.393,0.974,4.907,-1.211,0.047,1290.78,0,0,0,0,0,0,10,9,15108,35961,1,3,0,0
1_6_1_1,1,6,1,1,35961,15108,15108,DeuceCourt,165 KPH,Flat,NA,11.254,1.25,2.689,2,Winner,NA,False,Ground,BackHand,1.35 Metre,Cross Court,NA,False,False,True,-6.36,-1.733,0.039,Body,,,,-12.631,-3.005,1.157,6.433,3.088,0.038,-12.631,-3.005,1.157,0.0,0.936,1.349,6.433,3.088,0.038,1932.9,0,0,0,0,0,0,0,0,15108,35961,2,3,0,0
1_6_2_1,1,6,2,1,35961,15108,35961,AdCourt,151 KPH,Pronated,NA,11.247,-1.584,2.693,5,Winner,NA,False,Volley,BackHand,1.53 Metre,Cross Court,NA,False,False,True,-5.465,3.962,0.031,Wide,,,,3.369,-3.332,2.059,-5.66,1.549,0.037,-11.801,6.094,1.422,-0.0,0.291,1.014,1.682,-0.504,0.045,NA,0,0,0,0,0,0,0,1,15108,35961,2,3,0,0
1_6_3_1,1,6,3,1,35961,15108,35961,DeuceCourt,175 KPH,Flat,NA,11.117,1.139,2.697,3,Winner,NA,False,Ground,ForeHand,1.32 Metre,Cross Court,NA,False,False,True,-5.446,-0.206,0.037,T,,,,11.621,-1.663,1.208,-6.864,3.451,0.035,-12.859,-0.845,1.117,-0.0,-0.757,3.21,8.746,-1.131,0.034,3078.96,0,0,0,0,0,0,1,1,15108,35961,2,3,0,0
1_6_4_1,1,6,4,1,35961,15108,15108,AdCourt,165 KPH,Flat,NA,11.29,-1.715,2.675,6,Forced Error,NA,False,Ground,BackHand,NA,NA,NA,False,False,True,-5.466,0.875,0.037,T,,,,12.316,-3.28,0.647,-12.885,-0.598,0.045,-14.264,2.089,1.238,0.0,0.604,1.599,7.152,-0.143,0.044,NA,0,0,0,0,0,0,2,1,15108,35961,2,3,0,0
1_6_5_1,1,6,5,1,35961,15108,35961,DeuceCourt,171 KPH,Pronated,NA,11.306,1.242,2.716,3,Unforced Error,NA,True,Ground,BackHand,0.79 Metre,NA,Net Error,False,False,True,-5.249,-1.095,0.037,T,,,,-13.49,2.364,1.308,,,,-13.251,-2.205,1.058,0.0,-1.157,1.053,5.97,-0.607,0.039,1870.14,0,0,0,0,0,0,2,2,15108,35961,2,3,0,0
1_6_6_1,1,6,6,1,35961,15108,15108,AdCourt,175 KPH,Pronated,NA,11.172,-1.585,2.717,2,Forced Error,NA,False,Ground,ForeHand,1.7 Metre,NA,NA,False,False,True,-4.873,3.185,0.029,Wide,,,,12.342,1.092,0.734,-2.935,-4.642,0.037,-12.254,5.409,1.022,0.0,3.14,1.707,10.629,1.381,0.039,1718.34,0,0,0,0,0,0,3,2,15108,35961,2,3,0,0
1_6_7_1,1,6,7,1,35961,15108,15108,DeuceCourt,160.91 KPH,Slice,0.08 Metre,11.15,1.278,2.635,0,Faulty Serve,Wide Error,False,NA,ForeHand,1.14 Metre,NA,Wide Error,False,False,True,-4.905,-4.19,0.039,Wide,,,,11.15,1.278,2.635,-4.905,-4.19,0.039,,,,,,,,,,0,1,0,0,0,0,0,3,3,15108,35961,2,3,0,0
1_6_7_2,1,6,7,2,35961,15108,15108,DeuceCourt,142 KPH,Kick,NA,11.317,1.102,2.704,4,Winner,NA,False,Ground,ForeHand,1.53 Metre,Cross Court,NA,False,False,True,-4.824,-0.76,0.038,T,,,,-10.362,-1.105,0.962,11.307,3.115,0.039,-10.924,-1.675,1.569,0.0,-1.928,1.223,7.14,-2.001,0.032,2977.5,0,0,0,0,0,0,3,3,15108,35961,2,3,0,0
1_6_8_1,1,6,8,1,35961,15108,15108,AdCourt,141 KPH,Flat,NA,11.238,-1.825,2.741,2,Winner,NA,False,Ground,BackHand,1.42 Metre,Down the Line,NA,True,True,True,-4.379,3.433,0.028,Wide,,,,-12.296,5.836,1.14,9.692,3.398,0.04,-12.296,5.836,1.14,-0.0,4.36,1.418,9.692,3.398,0.04,1823.16,0,0,0,0,0,0,3,4,15108,35961,2,3,0,0
1_7_1_1,1,7,1,1,15108,35961,15108,DeuceCourt,170.91 KPH,Flat,0.5 Metre,-11.358,-0.911,2.699,0,Faulty Serve,Long Error,False,NA,ForeHand,1.34 Metre,NA,NA,False,False,True,6.897,1.257,0.042,T,,,,-11.358,-0.911,2.699,6.897,1.257,0.042,,,,,,,,,,NA,1,0,0,0,0,0,0,0,15108,35961,3,3,0,0
1_7_1_2,1,7,1,2,15108,35961,15108,DeuceCourt,133 KPH,Kick,NA,-11.578,-0.955,2.833,1,Unforced Error,NA,True,Ground,ForeHand,0.82 Metre,NA,Net Error,False,False,True,4.856,1.741,0.042,Body,,,,10.586,2.682,1.675,0.098,-1.578,0.042,10.586,2.682,1.675,-0.046,-0.884,0.823,0.098,-1.578,0.042,1553.94,0,0,0,0,0,0,0,0,15108,35961,3,3,0,0
1_7_2_1,1,7,2,1,15108,35961,15108,AdCourt,169.83 KPH,NA,0.19 Metre,-11.349,1.038,2.72,0,Faulty Serve,Net Error,True,NA,BackHand,0.9 Metre,NA,Net Error,False,False,True,-0.192,-2.717,0.033,Body,,,,-11.349,1.038,2.72,-0.192,-2.717,0.033,,,,,,,,,,NA,1,0,0,0,0,0,1,0,15108,35961,3,3,0,0
1_7_2_2,1,7,2,2,15108,35961,35961,AdCourt,131 KPH,Flat,NA,-11.471,1.051,2.803,2,Unforced Error,NA,False,Ground,BackHand,2.31 Metre,NA,Long Error,False,False,True,6.089,-2.751,0.03,Wide,,,,-12.36,2.023,0.799,12.885,-0.844,0.038,10.582,-3.604,1.304,0.0,-0.872,1.568,-9.633,1.414,0.039,2145.3,0,0,0,0,0,0,1,0,15108,35961,3,3,0,0
1_7_3_1,1,7,3,1,15108,35961,35961,DeuceCourt,147.64 KPH,Pronated,0.4 Metre,-11.331,-0.984,2.843,0,Faulty Serve,Net Error,True,NA,ForeHand,0.85 Metre,NA,Net Error,False,False,True,-0.065,-0.396,0.042,T,,,,-11.331,-0.984,2.843,-0.065,-0.396,0.042,,,,,,,,,,NA,1,0,0,0,0,0,1,1,15108,35961,3,3,0,0
1_7_3_2,1,7,3,2,15108,35961,15108,DeuceCourt,147 KPH,NA,NA,-11.605,-0.745,2.774,1,Forced Error,NA,False,NA,ForeHand,1.33 Metre,NA,NA,False,False,True,5.435,2.84,0.039,Wide,,,,,,,,,,,,,,,,,,,1087.14,0,0,0,0,0,0,1,1,15108,35961,3,3,0,0
1_7_4_1,1,7,4,1,15108,35961,15108,AdCourt,166 KPH,Slice,NA,-11.374,1.191,2.738,3,Unforced Error,NA,True,Ground,BackHand,0.91 Metre,NA,Net Error,False,False,True,5.419,-0.373,0.047,T,,,,14.507,-3.577,0.906,,,,14.746,-0.914,1.245,-0.0,0.909,1.997,-7.674,1.852,0.038,2207.76,0,0,0,0,0,0,2,1,15108,35961,3,3,0,0
1_7_5_1,1,7,5,1,15108,35961,15108,DeuceCourt,166 KPH,Flat,NA,-11.492,-0.541,2.713,5,Forced Error,NA,True,Passing,ForeHand,0.87 Metre,NA,NA,False,False,True,5.671,1.934,0.042,Body,,,,13.127,4.281,0.588,1.002,3.874,0.032,12.959,3.198,1.332,0.0,2.932,1.221,-6.271,2.657,0.038,2736.36,0,0,0,0,0,0,3,1,15108,35961,3,3,0,0
1_8_1_1,1,8,1,1,35961,15108,15108,DeuceCourt,156 KPH,Flat,NA,-11.316,-1.434,2.716,4,Winner,NA,False,Drop,BackHand,1.23 Metre,Down the Line,NA,False,False,True,4.532,2.178,0.041,Body,,,,3.45,-3.271,1.137,-1.604,-3.303,0.039,12.443,4.109,1.285,0.0,-0.066,1.737,-9.601,-3.25,0.031,NA,0,0,0,0,0,0,0,0,15108,35961,4,3,0,0
1_8_2_1,1,8,2,1,35961,15108,15108,AdCourt,172.28 KPH,Pronated,0.55 Metre,-11.102,1.638,2.665,0,Faulty Serve,Net Error,True,NA,ForeHand,0.81 Metre,NA,Net Error,False,False,True,-0.385,0.399,0.044,T,,,,-11.102,1.638,2.665,-0.385,0.399,0.044,,,,,,,,,,NA,1,0,0,0,0,0,0,1,15108,35961,4,3,0,0
1_8_2_2,1,8,2,2,35961,15108,35961,AdCourt,146 KPH,Flat,NA,-11.165,1.519,2.608,1,Unforced Error,NA,False,Ground,ForeHand,1.2 Metre,NA,Wide Error,False,False,True,4.626,-0.923,0.047,T,,,,11.075,-1.823,1.307,-6.547,-4.465,0.038,11.075,-1.823,1.307,0.0,-3.492,1.199,-6.547,-4.465,0.038,2220.66,0,0,0,0,0,0,0,1,15108,35961,4,3,0,0
1_8_3_1,1,8,3,1,35961,15108,35961,DeuceCourt,169 KPH,Flat,NA,-11.035,-1.389,2.648,1,Forced Error,NA,True,Ground,BackHand,0.83 Metre,NA,NA,False,False,True,5.207,0.866,0.047,T,,,,12.435,1.989,1.164,0.416,-0.294,0.041,12.435,1.989,1.164,-0.007,-0.239,0.835,0.416,-0.294,0.041,2200.32,0,0,0,0,0,0,1,1,15108,35961,4,3,0,0
1_8_4_1,1,8,4,1,35961,15108,35961,AdCourt,178.37 KPH,Flat,0.76 Metre,-11.116,1.492,2.669,0,Faulty Serve,Long Error,False,NA,ForeHand,1.31 Metre,NA,NA,False,False,True,7.159,-2.462,0.031,Body,,,,-11.116,1.492,2.669,7.159,-2.462,0.031,,,,,,,,,,NA,1,0,0,0,0,0,2,1,15108,35961,4,3,0,0
1_8_4_2,1,8,4,2,35961,15108,35961,AdCourt,129 KPH,Pronated,NA,-11.165,1.753,2.701,3,Forced Error,NA,False,Ground,ForeHand,NA,NA,NA,False,False,True,4.507,-2.649,0.034,Body,,,,13.568,3.903,0.855,-7.322,-4.426,0.034,10.472,-4.412,1.718,0.0,-0.814,1.555,-6.903,1.391,0.036,1657.92,0,0,0,0,0,0,2,1,15108,35961,4,3,0,0
1_8_5_1,1,8,5,1,35961,15108,35961,DeuceCourt,151.85 KPH,Flat,0.17 Metre,-11.233,-1.282,2.637,0,Faulty Serve,Wide Error,False,NA,BackHand,0.99 Metre,NA,Wide Error,False,False,True,6.137,4.285,0.035,Wide,,,,-11.233,-1.282,2.637,6.137,4.285,0.035,,,,,,,,,,1014,1,0,0,0,0,0,3,1,15108,35961,4,3,0,0
1_8_5_2,1,8,5,2,35961,15108,35961,DeuceCourt,141 KPH,Flat,NA,-11.152,-1.313,2.682,3,Winner,NA,False,Passing,BackHand,1.91 Metre,Cross Court,NA,False,False,True,4.337,3.005,0.033,Wide,,,,-11.833,1.854,1.028,5.952,-3.907,0.031,10.228,4.868,1.518,0.0,3.294,1.315,-7.323,2.407,0.039,NA,0,0,0,0,0,0,3,1,15108,35961,4,3,0,0
1_9_1_1,1,9,1,1,15108,35961,15108,DeuceCourt,169 KPH,Flat,NA,11.41,0.993,2.739,3,Forced Error,NA,False,Ground,BackHand,NA,NA,NA,False,False,True,-6.063,-1.419,0.038,Body,,,,-14.823,4.331,0.841,12.885,3.485,0.04,-12.781,-2.453,1.2,-0.0,-0.149,1.591,8.199,1.611,0.042,960.18,0,0,0,0,0,0,0,0,15108,35961,4,4,0,0
1_9_2_1,1,9,2,1,15108,35961,15108,AdCourt,167 KPH,Flat,NA,11.455,-1.177,2.749,3,Winner,NA,False,Ground,ForeHand,1.4 Metre,Down the Line,NA,False,False,True,-5.594,3.646,0.031,Wide,,,,11.216,-0.414,1.01,-8.1,-3.56,0.031,-13.067,5.657,1.179,0.0,2.264,1.125,6.167,0.758,0.044,2714.16,0,0,0,0,0,0,1,0,15108,35961,4,4,0,0
1_9_3_1,1,9,3,1,15108,35961,35961,DeuceCourt,165.45 KPH,NA,0.39 Metre,11.453,0.765,2.704,0,Faulty Serve,Net Error,True,NA,NA,0.94 Metre,NA,Net Error,False,False,True,0.393,-3.099,0.032,Wide,,,,11.453,0.765,2.704,0.393,-3.099,0.032,,,,,,,,,,1893.9,1,0,0,0,0,0,2,0,15108,35961,4,4,0,0
1_9_3_2,1,9,3,2,15108,35961,35961,DeuceCourt,138 KPH,NA,NA,11.643,0.919,2.768,0,DoubleFault,NA,False,NA,BackHand,0.92 Metre,NA,NA,False,False,True,-3.689,0.718,0.04,T,,,,11.643,0.919,2.768,-3.689,0.718,0.04,,,,,,,,,,NA,1,1,0,0,0,0,2,0,15108,35961,4,4,0,0
1_9_4_1,1,9,4,1,15108,35961,15108,AdCourt,166.21 KPH,NA,NA,11.387,-1.205,2.754,0,Faulty Serve,NA,True,NA,BackHand,0.74 Metre,NA,NA,False,False,True,,,,,,,,11.387,-1.205,2.754,,,,,,,,,,,,,NA,1,0,0,0,1,0,2,1,15108,35961,4,4,0,0
1_9_4_2,1,9,4,2,15108,35961,35961,AdCourt,121 KPH,Kick,NA,11.595,-1.418,2.818,2,Unforced Error,NA,True,Ground,BackHand,0.81 Metre,NA,Net Error,False,False,True,-4.813,3.014,0.029,Wide,,,,13.602,-1.946,0.965,,,,-10.302,4.332,1.569,-0.0,1.299,2.01,10.197,-1.157,0.036,2321.94,0,0,0,0,0,0,2,1,15108,35961,4,4,0,0
1_9_5_1,1,9,5,1,15108,35961,35961,DeuceCourt,168.48 KPH,Flat,NA,11.377,0.78,2.671,2,Winner,NA,False,Ground,BackHand,1.47 Metre,Cross Court,NA,False,False,True,-5.557,-0.989,0.036,T,,,,-12.658,-1.89,1.129,9.559,3.779,0.04,-12.658,-1.89,1.129,0.0,1.232,1.465,9.559,3.779,0.04,1216.02,0,0,0,0,0,0,2,2,15108,35961,4,4,0,0
1_9_6_1,1,9,6,1,15108,35961,35961,AdCourt,158 KPH,Slice,NA,11.557,-1.227,2.793,2,Unforced Error,NA,False,Ground,ForeHand,1.24 Metre,NA,Wide Error,True,True,True,-5.454,2.974,0.037,Wide,,,,12.426,-0.797,0.924,-4.759,4.746,0.029,-12.863,4.529,1.217,0.019,2.165,0.987,10.145,-0.177,0.041,1912.2,0,0,0,0,0,0,2,3,15108,35961,4,4,0,0
1_10_1_1,1,10,1,1,35961,15108,35961,DeuceCourt,172.2 KPH,NA,1 Metre,11.248,1.029,2.722,0,Faulty Serve,Net Error,True,NA,ForeHand,0.71 Metre,NA,Net Error,False,False,True,1.005,-0.831,0.044,T,,,,11.248,1.029,2.722,1.005,-0.831,0.044,,,,,,,,,,0,1,0,0,0,0,0,0,0,15108,35961,4,5,0,0
1_10_1_2,1,10,1,2,35961,15108,15108,DeuceCourt,139 KPH,Flat,NA,11.425,1.021,2.609,2,Winner,NA,False,Ground,ForeHand,1.26 Metre,Down the Line,NA,False,False,True,-4.41,-3.423,0.038,Wide,,,,-10.544,-5.359,1.395,8.796,-3.141,0.032,-10.544,-5.359,1.395,-0.0,-3.985,1.261,8.796,-3.141,0.032,1591.92,0,0,0,0,0,0,0,0,15108,35961,4,5,0,0
1_10_2_1,1,10,2,1,35961,15108,15108,AdCourt,156.22 KPH,NA,NA,11.19,-1.764,2.708,0,Faulty Serve,NA,True,NA,ForeHand,0.9 Metre,NA,NA,False,False,True,,,,,,,,11.19,-1.764,2.708,,,,,,,,,,,,,NA,1,0,0,0,0,0,0,1,15108,35961,4,5,0,0
1_10_2_2,1,10,2,2,35961,15108,15108,AdCourt,135 KPH,Flat,NA,11.301,-1.679,2.687,4,Forced Error,NA,False,Ground,ForeHand,1.69 Metre,NA,NA,False,False,True,-5.519,2.145,0.039,Body,,,,13.482,2.758,0.867,-8.061,4.232,0.031,-10.767,3.272,1.273,-0.0,-0.104,1.142,6.252,-1.97,0.033,2016.12,0,0,0,0,0,0,0,1,15108,35961,4,5,0,0
1_10_3_1,1,10,3,1,35961,15108,15108,DeuceCourt,165.7 KPH,NA,0.49 Metre,11.08,1.247,2.677,0,Faulty Serve,Net Error,True,NA,ForeHand,0.79 Metre,NA,Net Error,False,False,True,0.487,-0.383,0.041,T,,,,11.08,1.247,2.677,0.487,-0.383,0.041,,,,,,,,,,NA,1,0,0,0,0,0,0,2,15108,35961,4,5,0,0
1_10_3_2,1,10,3,2,35961,15108,15108,DeuceCourt,146 KPH,Flat,NA,11.428,0.983,2.681,10,Winner,NA,False,Ground,ForeHand,1.55 Metre,Cross Court,NA,False,False,True,-4.434,-1.518,0.04,Body,,,,-11.453,-3.538,1.182,11.106,3.839,0.04,-10.743,-2.72,1.47,-0.0,-0.937,1.573,10.861,1.048,0.04,2038.56,0,0,0,0,0,0,0,2,15108,35961,4,5,0,0
1_10_4_1,1,10,4,1,35961,15108,15108,AdCourt,166.69 KPH,NA,NA,11.182,-1.473,2.646,0,Faulty Serve,NA,True,NA,BackHand,0.86 Metre,NA,NA,True,False,True,,,,,,,,11.182,-1.473,2.646,,,,,,,,,,,,,NA,1,0,0,0,0,0,0,3,15108,35961,4,5,0,0
1_10_4_2,1,10,4,2,35961,15108,35961,AdCourt,150 KPH,Slice,NA,11.314,-1.571,2.655,3,Forced Error,NA,True,Ground,BackHand,0.35 Metre,NA,NA,True,False,True,-6.371,0.468,0.038,T,,,,-12.267,6.532,0.973,-0.164,3.63,0.036,-11.812,0.87,1.205,0.0,-1.74,2.786,8.414,-3.151,0.031,1999.38,0,0,0,0,0,0,0,3,15108,35961,4,5,0,0
1_10_5_1,1,10,5,1,35961,15108,15108,DeuceCourt,173 KPH,Pronated,NA,11.184,1.181,2.68,8,Unforced Error,NA,True,Ground,BackHand,0.58 Metre,NA,Net Error,True,True,True,-4.635,-0.87,0.039,T,,,,13.302,-3.16,1.148,0.823,-0.221,0.043,-12.417,-1.832,1.091,0.0,-1.711,1.945,10.245,-1.619,0.034,2073.36,0,0,0,0,0,0,1,3,15108,35961,4,5,0,0
1_11_1_1,1,11,1,1,15108,35961,35961,DeuceCourt,173.55 KPH,Flat,0.95 Metre,-11.345,-0.994,2.749,0,Faulty Serve,Long Error,False,NA,ForeHand,1.4 Metre,NA,NA,False,False,True,7.352,0.252,0.044,T,,,,-11.345,-0.994,2.749,7.352,0.252,0.044,,,,,,,,,,NA,1,0,0,0,0,0,0,0,15108,35961,5,5,0,0
1_11_1_2,1,11,1,2,15108,35961,15108,DeuceCourt,138 KPH,Pronated,NA,-11.583,-0.699,2.78,3,Unforced Error,NA,False,Ground,ForeHand,2.09 Metre,NA,Long Error,False,False,True,4.975,1.509,0.042,Body,,,,12.493,2.116,1.419,-12.039,-1.343,0.043,11.058,2.302,1.627,0.0,0.815,1.789,-9.889,-0.031,0.045,1968.24,0,0,0,0,0,0,0,0,15108,35961,5,5,0,0
1_11_2_1,1,11,2,1,15108,35961,35961,AdCourt,138 KPH,Flat,NA,-11.487,1.273,2.774,6,Unforced Error,NA,False,Ground,BackHand,1.14 Metre,NA,Wide Error,False,False,True,4.781,-3.059,0.033,Wide,,,,-12.168,3.147,0.983,8.263,4.505,0.036,14.064,-5.394,1.468,0.0,-0.94,2.162,-10.212,2.168,0.041,1776.42,0,0,0,0,0,0,1,0,15108,35961,5,5,0,0
1_11_3_1,1,11,3,1,15108,35961,35961,DeuceCourt,146 KPH,Pronated,NA,-11.523,-0.791,2.726,2,Unforced Error,NA,False,Ground,ForeHand,1.9 Metre,NA,Long Error,False,False,True,5.637,3.066,0.038,Wide,,,,-12.024,-4.623,1.386,12.616,2.507,0.039,12.624,4.61,1.666,0.0,-0.241,2.076,-8.015,-3.08,0.031,1989.3,0,0,0,0,0,0,1,1,15108,35961,5,5,0,0
1_11_4_1,1,11,4,1,15108,35961,35961,AdCourt,137 KPH,Kick,NA,-11.356,1.468,2.773,4,Unforced Error,NA,True,Ground,BackHand,0.74 Metre,NA,Net Error,False,False,True,5.997,-3.668,0.028,Wide,,,,-12.994,3.082,1.138,,,,14.328,-6.085,1.733,-0.0,-1.34,3.526,-10.349,1.576,0.04,1876.98,0,0,0,0,0,0,1,2,15108,35961,5,5,0,0
1_11_5_1,1,11,5,1,15108,35961,35961,DeuceCourt,170.28 KPH,Flat,0.75 Metre,-11.341,-0.845,2.695,0,Faulty Serve,Long Error,False,NA,NA,1.39 Metre,NA,NA,True,False,True,7.147,-0.473,0.04,T,,,,-11.341,-0.845,2.695,7.147,-0.473,0.04,,,,,,,,,,NA,1,0,0,0,0,0,1,3,15108,35961,5,5,0,0
1_11_5_2,1,11,5,2,15108,35961,35961,DeuceCourt,139 KPH,Flat,NA,-11.646,-0.78,2.808,0,DoubleFault,Long Error,False,NA,NA,1.7 Metre,NA,NA,True,True,True,7.021,2.963,0.039,Wide,,,,-11.646,-0.78,2.808,7.021,2.963,0.039,,,,,,,,,,1557.06,1,1,0,0,0,0,1,3,15108,35961,5,5,0,0
1_12_1_1,1,12,1,1,35961,15108,35961,DeuceCourt,147 KPH,Flat,NA,-11.157,-1.35,2.671,3,Forced Error,NA,True,Passing,BackHand,0.81 Metre,NA,NA,False,False,True,4.879,3.926,0.034,Wide,,,,12.715,-3.27,0.922,,,,12.502,6.666,1.449,-0.0,2.014,2.575,-4.102,-0.21,0.04,1387.8,0,0,0,0,1,0,0,0,15108,35961,5,6,0,0
1_12_2_1,1,12,2,1,35961,15108,35961,AdCourt,128.06 KPH,NA,NA,-11.365,1.562,2.676,0,Faulty Serve,NA,False,NA,ForeHand,0.81 Metre,NA,NA,False,False,True,,,,,,,,-11.365,1.562,2.676,,,,,,,,,,,,,NA,1,0,0,0,0,0,1,0,15108,35961,5,6,0,0
1_12_2_2,1,12,2,2,35961,15108,35961,AdCourt,135 KPH,Pronated,NA,-11.367,1.864,2.708,7,Forced Error,NA,True,Ground,ForeHand,2.1 Metre,NA,NA,False,False,True,5.27,-3.029,0.035,Wide,,,,13.107,3.766,0.909,2.764,2.934,0.032,10.399,-4.582,1.629,0.0,-0.511,1.774,-8.639,2.692,0.031,913.8,0,0,0,0,0,0,1,0,15108,35961,5,6,0,0
1_12_3_1,1,12,3,1,35961,15108,15108,DeuceCourt,182 KPH,Pronated,NA,-11.012,-1.287,2.62,2,Unforced Error,NA,False,Ground,ForeHand,2.54 Metre,NA,Long Error,False,False,True,6.123,0.564,0.044,T,,,,-13.285,-0.046,1.481,12.885,1.389,0.039,13.198,1.308,1.079,-0.0,0.533,2.567,-10.297,-0.007,0.045,2018.76,0,0,0,0,0,0,2,0,15108,35961,5,6,0,0
1_12_4_1,1,12,4,1,35961,15108,35961,AdCourt,171 KPH,Flat,NA,-11.039,1.615,2.62,11,Winner,NA,False,Ground,ForeHand,1.27 Metre,NA,NA,False,False,True,4.733,-0.906,0.047,T,,,,,,,,,,13.087,-2.179,1.424,0.0,-1.528,1.61,-8.915,-0.9,0.036,1460.58,0,0,0,0,0,0,2,1,15108,35961,5,6,0,0
1_12_5_1,1,12,5,1,35961,15108,35961,DeuceCourt,181 KPH,Flat,NA,-10.961,-1.174,2.635,1,Forced Error,NA,False,Ground,BackHand,3.16 Metre,NA,NA,False,False,True,6.354,1.679,0.042,Body,,,,13.159,2.919,1.355,-10.575,-4.975,0.031,13.159,2.919,1.355,0.0,-1.012,3.161,-10.575,-4.975,0.031,1550.52,0,0,0,0,0,0,3,1,15108,35961,5,6,0,0
2_1_1_1,2,1,1,1,15108,35961,15108,DeuceCourt,150 KPH,Flat,NA,11.495,0.906,2.823,7,Unforced Error,NA,False,Ground,ForeHand,1.83 Metre,NA,Long Error,False,False,True,-4.012,-0.237,0.04,T,,,,-11.396,0.282,1.432,12.4,-5.003,0.026,-12.86,-1.145,1.273,0.0,-0.222,1.193,5.658,0.213,0.047,2021.76,0,0,0,0,0,0,0,0,15108,35961,0,0,0,1
2_1_2_1,2,1,2,1,15108,35961,35961,AdCourt,164.81 KPH,NA,NA,11.419,-1.063,2.686,0,Faulty Serve,NA,True,NA,NA,0.72 Metre,NA,NA,False,False,True,,,,,,,,11.419,-1.063,2.686,,,,,,,,,,,,,NA,1,0,0,0,0,0,1,0,15108,35961,0,0,0,1
2_1_2_2,2,1,2,2,15108,35961,35961,AdCourt,113 KPH,NA,NA,11.622,-1.363,2.765,0,DoubleFault,NA,True,NA,BackHand,0.86 Metre,NA,Net Error,False,False,True,-0.013,1.223,0.857,T,,,,11.622,-1.363,2.765,,,,,,,,,,,,,1671.24,1,1,0,0,0,0,1,0,15108,35961,0,0,0,1
2_1_3_1,2,1,3,1,15108,35961,35961,DeuceCourt,167 KPH,Flat,NA,11.399,0.933,2.685,2,Unforced Error,NA,False,Ground,ForeHand,2.32 Metre,NA,Long Error,False,False,True,-5.366,-0.415,0.037,T,,,,11.043,2.681,0.867,-12.854,2.538,0.04,-13.064,-1.116,1.085,0.0,0.896,1.246,6.194,1.907,0.042,2716.32,0,0,0,0,1,0,1,1,15108,35961,0,0,0,1
2_1_4_1,2,1,4,1,15108,35961,35961,AdCourt,166 KPH,Flat,NA,11.349,-1.063,2.714,8,Forced Error,NA,True,NA,ForeHand,1.52 Metre,NA,NA,False,False,True,-4.247,0.292,0.04,T,,,,5.381,2.026,0.757,3.798,-0.883,0.046,-13.257,0.991,1.151,-0.0,-0.193,1.686,7.523,-0.603,0.039,NA,0,0,0,0,0,0,1,2,15108,35961,0,0,0,1
2_1_5_1,2,1,5,1,15108,35961,35961,DeuceCourt,162 KPH,Flat,NA,11.439,1.057,2.767,8,Forced Error,NA,False,Lob,BackHand,NA,NA,NA,True,True,True,-5.023,-3.022,0.039,Wide,,,,12.669,-1.997,0.634,-12.568,-0.252,0.046,-12.476,-5.146,1.189,0.0,-1.009,1.942,9.664,1.959,0.04,1959.18,0,0,0,0,0,0,1,3,15108,35961,0,0,0,1
2_2_1_1,2,2,1,1,35961,15108,15108,DeuceCourt,157 KPH,Flat,NA,11.337,1.422,2.687,2,Winner,NA,False,Ground,ForeHand,1.58 Metre,Down the Line,NA,False,False,True,-5.798,-3.406,0.038,Wide,,,,-11.968,-5.344,1.082,10.942,-2.18,0.032,-11.968,-5.344,1.082,0.0,-3.634,1.581,10.942,-2.18,0.032,2349.96,0,0,0,0,0,0,0,0,15108,35961,0,1,0,1
2_2_2_1,2,2,2,1,35961,15108,35961,AdCourt,159 KPH,Flat,NA,11.122,-1.707,2.695,5,Winner,NA,False,Ground,ForeHand,1.66 Metre,Cross Court,NA,False,False,True,-5.646,4.091,0.031,Wide,,,,10.891,3.864,1.201,-6.598,-3.843,0.038,-11.89,6.121,1.203,-0.0,4.386,3.07,11.206,2.97,0.038,2864.64,0,0,0,0,0,0,0,1,15108,35961,0,1,0,1
2_2_3_1,2,2,3,1,35961,15108,35961,DeuceCourt,183.36 KPH,NA,2.25 Metre,10.944,1.279,2.621,0,Faulty Serve,Long Error,False,NA,BackHand,0.94 Metre,NA,NA,False,False,True,-8.647,0.791,0.038,T,,,,10.944,1.279,2.621,-8.647,0.791,0.038,,,,,,,,,,NA,1,0,0,0,0,0,1,1,15108,35961,0,1,0,1
2_2_3_2,2,2,3,2,35961,15108,35961,DeuceCourt,134 KPH,Pronated,NA,11.44,0.896,2.711,3,Unforced Error,NA,False,Ground,BackHand,1.57 Metre,NA,Wide Error,False,False,True,-3.735,-0.835,0.04,T,,,,-12.367,1.753,1.265,10.705,4.615,0.033,-11.307,-1.551,1.71,0.0,0.198,1.596,8.176,1.608,0.042,1477.62,0,0,0,0,0,0,1,1,15108,35961,0,1,0,1
2_2_4_1,2,2,4,1,35961,15108,35961,AdCourt,176 KPH,Pronated,NA,11.116,-1.569,2.705,5,Winner,NA,False,Passing,ForeHand,1.77 Metre,Down the Line,NA,False,False,True,-4.553,3.031,0.028,Wide,,,,10.96,3.841,0.626,-7.193,2.667,0.038,-11.701,5.173,1.06,0.0,-0.467,1.227,4.808,-2.728,0.033,1694.52,0,0,0,0,0,0,2,1,15108,35961,0,1,0,1
2_2_5_1,2,2,5,1,35961,15108,35961,DeuceCourt,175.71 KPH,NA,NA,11.142,1.216,2.665,0,Faulty Serve,NA,False,NA,ForeHand,1.77 Metre,NA,NA,False,False,True,,,,,,,,11.142,1.216,2.665,,,,,,,,,,,,,NA,1,0,0,0,0,0,3,1,15108,35961,0,1,0,1
2_2_5_2,2,2,5,2,35961,15108,35961,DeuceCourt,149 KPH,Pronated,NA,11.364,1.104,2.673,3,Unforced Error,NA,True,Volley,ForeHand,0.82 Metre,NA,Net Error,False,False,True,-4.993,-1.001,0.038,T,,,,-4.575,0.41,2.115,-0.026,1.301,0.042,-11.003,-1.665,1.472,-0.0,-2.586,1.145,6.606,-3.023,0.03,NA,0,0,0,0,0,0,3,1,15108,35961,0,1,0,1
2_3_1_1,2,3,1,1,15108,35961,35961,DeuceCourt,171 KPH,Flat,NA,-11.347,-0.76,2.749,2,Unforced Error,NA,True,Ground,ForeHand,0.96 Metre,NA,Net Error,False,False,True,5.414,1.301,0.042,T,,,,-12.529,-2.089,1.104,-0.148,-3.05,0.032,13.302,2.439,1.211,-0.0,0.269,1.751,-8.953,-1.485,0.038,1727.16,0,0,0,0,0,0,0,0,15108,35961,0,2,0,1
2_3_2_1,2,3,2,1,15108,35961,35961,AdCourt,169.97 KPH,NA,0.13 Metre,-11.332,1.238,2.706,0,Faulty Serve,Net Error,True,NA,BackHand,0.94 Metre,NA,Net Error,False,False,True,-0.13,-2.72,0.032,Body,,,,-11.332,1.238,2.706,-0.13,-2.72,0.032,,,,,,,,,,NA,1,0,0,0,0,0,0,1,15108,35961,0,2,0,1
2_3_2_2,2,3,2,2,15108,35961,15108,AdCourt,134 KPH,Flat,NA,-11.716,1.21,2.77,7,Unforced Error,NA,True,Ground,BackHand,0.85 Metre,NA,Net Error,False,False,True,4.645,-3.022,0.033,Wide,,,,12.445,-3.408,0.908,,,,13.999,-5.388,1.44,0.0,-0.691,2.955,-8.883,2.266,0.031,2363.46,0,0,0,0,0,0,0,1,15108,35961,0,2,0,1
2_3_3_1,2,3,3,1,15108,35961,15108,DeuceCourt,174 KPH,NA,NA,,,,1,Forced Error,NA,False,Ground,BackHand,NA,NA,NA,False,False,False,,,,,,,,,,,,,,,,,,,,,,,1727.16,0,0,0,0,0,0,1,1,15108,35961,0,2,0,1
2_3_4_1,2,3,4,1,15108,35961,15108,AdCourt,164 KPH,Slice,NA,-11.368,1.015,2.776,9,Forced Error,NA,True,Passing,ForeHand,1.53 Metre,NA,NA,False,False,True,5.605,-1.298,0.034,T,,,,16.782,3.23,1.099,3.084,1.786,0.043,13.773,-2.097,1.354,0.008,-1.687,0.961,-8.101,-1.435,0.038,1181.16,0,0,0,0,0,0,2,1,15108,35961,0,2,0,1
2_3_5_1,2,3,5,1,15108,35961,35961,DeuceCourt,170.8 KPH,Pronated,4.06 Metre,-11.334,-0.897,2.735,0,Faulty Serve,Long Error,False,NA,NA,0.93 Metre,NA,NA,False,False,True,10.463,-0.048,0.042,T,,,,-11.334,-0.897,2.735,10.463,-0.048,0.042,,,,,,,,,,NA,1,0,0,0,0,0,3,1,15108,35961,0,2,0,1
2_3_5_2,2,3,5,2,15108,35961,35961,DeuceCourt,142 KPH,Flat,NA,-11.526,-0.82,2.787,0,DoubleFault,NA,False,NA,BackHand,1.55 Metre,NA,NA,False,False,True,6.575,0.966,0.044,T,,,,-11.526,-0.82,2.787,6.575,0.966,0.044,,,,,,,,,,1374.48,1,1,0,0,0,0,3,1,15108,35961,0,2,0,1
2_3_6_1,2,3,6,1,15108,35961,35961,AdCourt,163 KPH,Flat,NA,-11.515,1.022,2.68,4,Winner,NA,False,Drop,BackHand,1.7 Metre,NA,NA,False,False,True,5.602,-3.126,0.03,Wide,,,,,,,,,,14.255,-4.947,1.44,0.0,-2.468,2.841,-11.577,-0.661,0.045,NA,0,0,0,0,1,0,3,2,15108,35961,0,2,0,1
2_3_7_1,2,3,7,1,15108,35961,15108,DeuceCourt,170 KPH,Flat,NA,-11.394,-0.606,2.726,3,Winner,NA,False,Drop,BackHand,1.2 Metre,Down the Line,NA,False,False,True,4.787,0.711,0.047,T,,,,-10.235,1.169,0.761,1.815,3.871,0.029,12.905,1.445,1.432,0.0,1.28,1.363,-5.603,1.191,0.036,0,0,0,0,0,0,0,3,3,15108,35961,0,2,0,1
2_3_8_1,2,3,8,1,15108,35961,15108,AdCourt,171 KPH,Flat,NA,-11.354,1.135,2.679,1,Ace,NA,False,NA,ForeHand,1.14 Metre,Cross Court,NA,False,False,True,5.521,-0.17,0.047,T,,,,-11.354,1.135,2.679,5.521,-0.17,0.047,,,,,,,,,,NA,0,0,0,1,0,0,4,3,15108,35961,0,2,0,1
2_4_1_1,2,4,1,1,35961,15108,35961,DeuceCourt,151 KPH,Slice,NA,-11.074,-1.439,2.683,1,Forced Error,NA,False,Ground,ForeHand,2.55 Metre,NA,NA,False,False,True,5.576,3.881,0.034,Wide,,,,11.9,6.205,1.388,-12.885,0.834,0.04,11.9,6.205,1.388,0.0,3.406,2.547,-12.885,0.834,0.04,1364.1,0,0,0,0,0,1,0,0,15108,35961,1,2,0,1
2_4_2_1,2,4,2,1,35961,15108,35961,AdCourt,164.13 KPH,Slice,0.11 Metre,-11.159,1.53,2.644,0,Faulty Serve,Wide Error,False,NA,ForeHand,1.25 Metre,NA,NA,False,False,True,5.976,0.108,0.046,T,,,,-11.159,1.53,2.644,5.976,0.108,0.046,,,,,,,,,,NA,1,0,0,0,0,0,1,0,15108,35961,1,2,0,1
2_4_2_2,2,4,2,2,35961,15108,35961,AdCourt,134 KPH,Kick,NA,-11.23,1.604,2.673,3,Winner,NA,False,Ground,ForeHand,1.31 Metre,Cross Court,NA,False,False,True,4.714,-3.121,0.033,Wide,,,,-12.029,0.198,1.049,7.758,-3.706,0.03,10.357,-4.736,1.608,0.0,-2.48,1.432,-7.222,-1.033,0.036,2135.82,0,0,0,0,0,0,1,0,15108,35961,1,2,0,1
2_4_3_1,2,4,3,1,35961,15108,15108,DeuceCourt,154 KPH,Flat,NA,-11.259,-1.109,2.675,8,Winner,NA,False,Overhead,ForeHand,2.02 Metre,Down the Line,NA,False,False,True,5.257,3.349,0.034,Wide,,,,5.633,-0.905,2.69,-10.125,-2.923,0.033,12.098,5.436,1.459,0.0,0.427,1.71,-8.615,-2.866,0.031,NA,0,0,0,0,0,0,2,0,15108,35961,1,2,0,1
2_4_4_1,2,4,4,1,35961,15108,15108,AdCourt,174.41 KPH,NA,0.14 Metre,-11.124,1.528,2.646,0,Faulty Serve,Net Error,True,NA,ForeHand,0.91 Metre,NA,Net Error,False,False,True,-0.137,-2.236,0.032,Body,,,,-11.124,1.528,2.646,-0.137,-2.236,0.032,,,,,,,,,,NA,1,0,0,0,0,0,2,1,15108,35961,1,2,0,1
2_4_4_2,2,4,4,2,35961,15108,35961,AdCourt,133 KPH,Flat,NA,-11.265,1.755,2.681,9,Winner,NA,False,Approach,ForeHand,1.36 Metre,Down the Line,NA,False,False,True,5.767,-2.67,0.031,Body,,,,-4.08,-3.917,0.635,10.186,-3.054,0.03,10.669,-3.928,1.391,0.0,-0.546,1.257,-7.038,1.614,0.037,1955.1,0,0,0,0,0,0,2,1,15108,35961,1,2,0,1
2_4_5_1,2,4,5,1,35961,15108,15108,DeuceCourt,183.76 KPH,Flat,0.52 Metre,-11.134,-1.269,2.627,0,Faulty Serve,Long Error,False,NA,NA,1.27 Metre,NA,NA,False,False,True,6.922,1.245,0.043,T,,,,-11.134,-1.269,2.627,6.922,1.245,0.043,,,,,,,,,,NA,1,0,0,0,0,0,3,1,15108,35961,1,2,0,1
2_4_5_2,2,4,5,2,35961,15108,15108,DeuceCourt,140 KPH,Flat,0.13 Metre,-11.38,-1.01,2.736,0,DoubleFault,Long Error,False,NA,NA,1.52 Metre,NA,NA,False,False,True,6.533,1.129,0.043,T,,,,-11.38,-1.01,2.736,6.533,1.129,0.043,,,,,,,,,,NA,1,1,0,0,0,0,3,1,15108,35961,1,2,0,1
2_4_6_1,2,4,6,1,35961,15108,35961,AdCourt,178.85 KPH,NA,2.76 Metre,-11.034,1.605,2.605,0,Faulty Serve,Wide Error,False,NA,ForeHand,0.94 Metre,NA,Wide Error,False,False,True,3.348,-4.615,0.026,Wide,,,,-11.034,1.605,2.605,3.348,-4.615,0.026,,,,,,,,,,NA,1,0,0,0,1,0,3,2,15108,35961,1,2,0,1
2_4_6_2,2,4,6,2,35961,15108,15108,AdCourt,140 KPH,Flat,NA,-11.32,1.384,2.715,2,Forced Error,NA,False,Ground,ForeHand,NA,NA,NA,False,False,True,6.173,-0.729,0.038,T,,,,-12.081,0.668,0.686,8.553,4.615,0.034,11.507,-1.241,1.308,0.0,-0.373,1.424,-9.144,0.431,0.043,1451.28,0,0,0,0,0,0,3,2,15108,35961,1,2,0,1
2_4_7_1,2,4,7,1,35961,15108,35961,DeuceCourt,157 KPH,Flat,NA,-11.36,-0.955,2.632,11,Winner,NA,False,NA,ForeHand,1.5 Metre,Down the Line,NA,False,False,True,5.482,3.604,0.034,Wide,,,,-0.408,-3.48,1.8,1.806,-0.645,0.045,12.123,5.431,1.46,0.0,1.618,2.21,-11.016,-1.818,0.043,0,0,0,0,0,0,0,3,3,15108,35961,1,2,0,1
2_4_8_1,2,4,8,1,35961,15108,35961,AdCourt,173.5 KPH,Flat,0.58 Metre,-11.144,1.384,2.633,0,Faulty Serve,Long Error,False,NA,BackHand,1.33 Metre,NA,NA,False,False,True,6.977,-0.18,0.043,T,,,,-11.144,1.384,2.633,6.977,-0.18,0.043,,,,,,,,,,NA,1,0,0,0,0,0,4,3,15108,35961,1,2,0,1
2_4_8_2,2,4,8,2,35961,15108,35961,AdCourt,141 KPH,Kick,NA,-11.192,1.734,2.675,1,Unforced Error,NA,False,Ground,BackHand,1.69 Metre,NA,Wide Error,False,False,True,4.308,-2.788,0.034,Wide,,,,10.631,-4.496,1.584,-7.445,5.06,0.023,10.631,-4.496,1.584,0.0,0.998,1.694,-7.445,5.06,0.023,1488.24,0,0,0,0,0,0,4,3,15108,35961,1,2,0,1
2_5_1_1,2,5,1,1,15108,35961,35961,DeuceCourt,172 KPH,Flat,NA,11.506,0.964,2.771,2,Unforced Error,NA,False,Ground,ForeHand,1.67 Metre,NA,Wide Error,False,False,True,-6.184,-0.758,0.036,T,,,,13.072,1.729,1.168,-9.029,4.53,0.031,-12.631,-1.494,1.192,0.0,-0.121,2.15,9.689,1.161,0.04,2228.1,0,0,0,0,0,0,0,0,15108,35961,1,3,0,1
2_5_2_1,2,5,2,1,15108,35961,35961,AdCourt,173 KPH,Flat,NA,11.333,-1.108,2.726,2,Unforced Error,NA,True,Drop,BackHand,0.37 Metre,NA,Net Error,False,False,True,-5.58,0.553,0.037,T,,,,11.081,-2.082,1.013,,,,-13.245,1.172,1.366,0.0,-0.594,1.284,5.769,-1.423,0.034,NA,0,0,0,0,0,0,0,1,15108,35961,1,3,0,1
2_5_3_1,2,5,3,1,15108,35961,35961,DeuceCourt,165 KPH,Flat,NA,11.397,0.905,2.786,6,Forced Error,NA,True,Ground,BackHand,0.41 Metre,NA,NA,False,False,True,-4.758,-2.63,0.039,Body,,,,13.583,-2.77,0.941,,,,-12.156,-4.41,1.164,0.0,-2.379,1.384,8.345,-1.168,0.034,1073.16,0,0,0,0,0,0,0,2,15108,35961,1,3,0,1
2_5_4_1,2,5,4,1,15108,35961,35961,AdCourt,166.75 KPH,Slice,0.23 Metre,11.449,-1.334,2.717,0,Faulty Serve,Long Error,False,NA,BackHand,1.44 Metre,NA,NA,True,False,True,-6.629,4.057,0.033,Wide,,,,11.449,-1.334,2.717,-6.629,4.057,0.033,,,,,,,,,,NA,1,0,0,0,0,0,0,3,15108,35961,1,3,0,1
2_5_4_2,2,5,4,2,15108,35961,15108,AdCourt,133.54 KPH,Slice,NA,11.629,-1.329,2.754,1,Unforced Error,NA,False,Ground,BackHand,2.59 Metre,NA,Long Error,True,True,True,-3.745,3.259,0.027,Wide,,,,-13.348,5.462,0.612,12.782,-2.765,0.031,-13.348,5.462,0.612,0.0,1.243,2.59,12.782,-2.765,0.031,1869.42,0,0,0,0,0,0,0,3,15108,35961,1,3,0,1
2_5_5_1,2,5,5,1,15108,35961,35961,DeuceCourt,167 KPH,Slice,NA,11.421,0.706,2.764,2,Unforced Error,NA,False,Ground,ForeHand,1.72 Metre,NA,Wide Error,True,True,True,-5.258,-1.061,0.037,T,,,,11.995,1.171,0.969,-9.356,-4.615,0.029,-12.557,-2.182,1.306,0.0,-0.42,1.534,8.493,0.745,0.044,2293.86,0,0,0,0,0,0,1,3,15108,35961,1,3,0,1
2_6_1_1,2,6,1,1,35961,15108,35961,DeuceCourt,155 KPH,Slice,NA,11.32,1.385,2.678,1,Forced Error,NA,False,Ground,ForeHand,2.22 Metre,NA,NA,False,False,True,-6.29,-2.57,0.037,Body,,,,-12.371,-4.348,1.141,12.885,0.268,0.042,-12.371,-4.348,1.141,-0.0,-1.827,2.217,12.885,0.268,0.042,2155.14,0,0,0,0,0,0,0,0,15108,35961,1,4,0,1
2_6_2_1,2,6,2,1,35961,15108,35961,AdCourt,173.06 KPH,Flat,0.13 Metre,11.159,-1.49,2.66,0,Faulty Serve,Long Error,False,NA,BackHand,1.24 Metre,NA,NA,False,False,True,-6.53,1.031,0.036,T,,,,11.159,-1.49,2.66,-6.53,1.031,0.036,,,,,,,,,,NA,1,0,0,0,0,0,1,0,15108,35961,1,4,0,1
2_6_2_2,2,6,2,2,35961,15108,35961,AdCourt,140 KPH,Pronated,NA,11.319,-1.701,2.713,7,Forced Error,NA,True,Ground,BackHand,0.43 Metre,NA,NA,False,False,True,-4.635,2.747,0.029,Wide,,,,-12.656,4.619,0.866,,,,-10.642,4.571,1.372,0.0,3.228,1.806,9.942,2.433,0.04,1018.8,0,0,0,0,0,0,1,0,15108,35961,1,4,0,1
2_6_3_1,2,6,3,1,35961,15108,35961,DeuceCourt,180.74 KPH,Flat,0.25 Metre,11.108,1.287,2.654,0,Faulty Serve,Long Error,False,NA,BackHand,1.26 Metre,NA,NA,False,False,True,-6.646,-0.451,0.036,T,,,,11.108,1.287,2.654,-6.646,-0.451,0.036,,,,,,,,,,NA,1,0,0,0,0,0,2,0,15108,35961,1,4,0,1
2_6_3_2,2,6,3,2,35961,15108,35961,DeuceCourt,141 KPH,Flat,NA,11.365,1.131,2.71,1,Unforced Error,NA,False,Ground,BackHand,1.73 Metre,NA,Long Error,False,False,True,-4.772,-1.042,0.038,T,,,,-11.208,-2.13,1.517,11.929,-0.204,0.041,-11.208,-2.13,1.517,-0.0,-1.222,1.727,11.929,-0.204,0.041,1792.74,0,0,0,0,0,0,2,0,15108,35961,1,4,0,1
2_6_4_1,2,6,4,1,35961,15108,35961,AdCourt,170 KPH,Pronated,NA,11.089,-1.535,2.684,1,Winner,NA,False,NA,BackHand,1.07 Metre,Cross Court,NA,False,False,True,-5.063,3.783,0.03,Wide,,,,11.089,-1.535,2.684,-5.063,3.783,0.03,,,,,,,,,,NA,0,0,0,0,0,0,3,0,15108,35961,1,4,0,1
2_7_1_1,2,7,1,1,15108,35961,15108,DeuceCourt,177 KPH,Flat,NA,-11.375,-0.914,2.72,3,Winner,NA,False,Ground,ForeHand,1.02 Metre,Cross Court,NA,False,False,True,5.096,0.482,0.047,T,,,,-9.644,-2.137,1.055,6.706,2.473,0.04,12.671,1.254,1.396,0.0,-0.617,1.445,-5.421,-1.486,0.038,2620.08,0,0,0,0,0,0,0,0,15108,35961,1,5,0,1
2_7_2_1,2,7,2,1,15108,35961,15108,AdCourt,173 KPH,Flat,NA,-11.272,1.117,2.729,1,Ace,NA,False,NA,ForeHand,1.25 Metre,Cross Court,NA,False,False,True,6.123,-0.09,0.046,T,,,,-11.272,1.117,2.729,6.123,-0.09,0.046,,,,,,,,,,NA,0,0,0,1,0,0,1,0,15108,35961,1,5,0,1
2_7_3_1,2,7,3,1,15108,35961,35961,DeuceCourt,175.19 KPH,Flat,0.27 Metre,-11.448,-0.839,2.714,0,Faulty Serve,Wide Error,False,NA,NA,0.97 Metre,NA,NA,False,False,True,4.429,-0.266,0.047,T,,,,-11.448,-0.839,2.714,4.429,-0.266,0.047,,,,,,,,,,NA,1,0,0,0,0,1,2,0,15108,35961,1,5,0,1
2_7_3_2,2,7,3,2,15108,35961,35961,DeuceCourt,145 KPH,Flat,NA,-11.819,-0.821,2.779,0,DoubleFault,NA,False,NA,BackHand,1.73 Metre,NA,NA,False,False,True,7.508,0.962,0.044,T,,,,-11.819,-0.821,2.779,7.508,0.962,0.044,,,,,,,,,,1465.02,1,1,0,0,0,0,2,0,15108,35961,1,5,0,1
2_7_4_1,2,7,4,1,15108,35961,15108,AdCourt,168 KPH,Flat,NA,-11.311,1.207,2.749,3,Unforced Error,NA,True,Volley,ForeHand,0.7 Metre,NA,Net Error,False,False,True,5.136,-0.876,0.047,T,,,,,,,,,,13.575,-1.891,1.297,0.0,-1.126,1.962,-12.401,-0.345,0.046,2377.2,0,0,0,0,1,0,2,1,15108,35961,1,5,0,1
2_7_5_1,2,7,5,1,15108,35961,15108,DeuceCourt,171 KPH,Flat,NA,-11.31,-0.954,2.73,3,Winner,NA,False,Ground,ForeHand,1.5 Metre,Down the Line,NA,False,False,True,4.822,0.169,0.047,T,,,,-9.223,-0.42,0.835,11.675,-3.824,0.03,14.171,0.935,1.216,-0.0,-0.122,2.404,-7.191,-0.471,0.036,2681.34,0,0,0,0,0,0,3,1,15108,35961,1,5,0,1
2_8_1_1,2,8,1,1,35961,15108,35961,DeuceCourt,179.49 KPH,NA,0.36 Metre,-11.03,-1.229,2.668,0,Faulty Serve,Net Error,True,NA,ForeHand,0.76 Metre,NA,Net Error,False,False,True,-0.362,0.566,0.044,T,,,,-11.03,-1.229,2.668,-0.362,0.566,0.044,,,,,,,,,,0,1,0,0,0,0,0,0,0,15108,35961,2,5,0,1
2_8_1_2,2,8,1,2,35961,15108,15108,DeuceCourt,135 KPH,Kick,NA,-11.364,-1.028,2.701,2,Forced Error,NA,False,Ground,ForeHand,NA,NA,NA,False,False,True,4.639,1.138,0.047,T,,,,-12.282,-1.83,0.474,12.616,1.375,0.039,10.998,2.053,1.596,0.0,0.485,1.79,-10.712,-1.521,0.043,1836.18,0,0,0,0,0,0,0,0,15108,35961,2,5,0,1
2_8_2_1,2,8,2,1,35961,15108,15108,AdCourt,171.83 KPH,Flat,0.28 Metre,-11.181,1.559,2.693,0,Faulty Serve,Long Error,False,NA,ForeHand,1.29 Metre,NA,NA,False,False,True,6.681,-2.715,0.03,Body,,,,-11.181,1.559,2.693,6.681,-2.715,0.03,,,,,,,,,,NA,1,0,0,0,0,0,0,1,15108,35961,2,5,0,1
2_8_2_2,2,8,2,2,35961,15108,35961,AdCourt,150 KPH,Slice,NA,-11.129,1.552,2.657,1,Forced Error,NA,False,Ground,ForeHand,NA,NA,NA,False,False,True,4.529,-0.54,0.047,T,,,,11.108,-1.155,1.447,-12.885,-4.615,0.029,11.108,-1.155,1.447,-0.0,-4.198,4.787,-12.885,-4.615,0.029,1426.68,0,0,0,0,0,0,0,1,15108,35961,2,5,0,1
2_8_3_1,2,8,3,1,35961,15108,35961,DeuceCourt,179.63 KPH,Flat,0.95 Metre,-11.094,-1.147,2.647,0,Faulty Serve,Long Error,False,NA,ForeHand,1.34 Metre,NA,NA,False,False,True,7.347,1.252,0.042,T,,,,-11.094,-1.147,2.647,7.347,1.252,0.042,,,,,,,,,,NA,1,0,0,0,0,0,1,1,15108,35961,2,5,0,1
2_8_3_2,2,8,3,2,35961,15108,35961,DeuceCourt,126 KPH,Kick,NA,-11.388,-1.235,2.779,5,Winner,NA,False,Ground,ForeHand,1.23 Metre,Down the Line,NA,False,False,True,5.302,1.175,0.043,T,,,,-12.337,-3.236,1.177,8.708,-4.074,0.032,11.388,2.125,1.717,0.0,0.887,1.165,-5.481,0.077,0.037,2075.22,0,0,0,0,0,0,1,1,15108,35961,2,5,0,1
2_8_4_1,2,8,4,1,35961,15108,15108,AdCourt,161 KPH,Kick,NA,-11.184,1.683,2.633,4,Forced Error,NA,False,Ground,ForeHand,3.86 Metre,NA,NA,False,False,True,5.969,-1.863,0.033,Body,,,,-14.079,-2.213,0.902,9.914,4.615,0.034,12.939,-3.125,1.541,-0.0,0.341,2.019,-9.064,3.354,0.031,2167.38,0,0,0,0,0,0,2,1,15108,35961,2,5,0,1
2_8_5_1,2,8,5,1,35961,15108,15108,DeuceCourt,161.38 KPH,Slice,0.74 Metre,-11.041,-1.268,2.585,0,Faulty Serve,Wide Error,False,NA,BackHand,1.18 Metre,NA,Wide Error,False,False,True,5.639,4.855,0.029,Wide,,,,-11.041,-1.268,2.585,5.639,4.855,0.029,,,,,,,,,,NA,1,0,0,0,0,0,2,2,15108,35961,2,5,0,1
2_8_5_2,2,8,5,2,35961,15108,15108,DeuceCourt,145 KPH,Flat,NA,-11.318,-1.295,2.651,2,Forced Error,NA,False,Ground,BackHand,2.83 Metre,NA,NA,False,False,True,5.526,3.557,0.034,Wide,,,,-12.313,2.007,0.484,12.069,1.349,0.039,10.422,5.039,1.405,0.0,3.461,1.709,-10.798,2.183,0.041,0,0,0,0,0,0,0,2,2,15108,35961,2,5,0,1
2_8_6_1,2,8,6,1,35961,15108,35961,AdCourt,180 KPH,Flat,NA,-11.02,1.453,2.641,7,Forced Error,NA,True,Passing,BackHand,0.69 Metre,NA,NA,True,False,True,5.822,-2.746,0.03,Wide,,,,11.032,-2.056,0.468,,,,12.315,-4.269,1.228,0.0,-0.878,2.606,-10.527,1.996,0.041,2161.02,0,0,0,0,0,0,2,3,15108,35961,2,5,0,1
2_8_7_1,2,8,7,1,35961,15108,35961,DeuceCourt,181 KPH,Pronated,NA,-10.956,-1.362,2.605,3,Unforced Error,NA,False,Ground,BackHand,2.04 Metre,NA,Long Error,False,False,True,5.599,1.468,0.042,Body,,,,12.18,-0.336,0.844,-12.479,2.614,0.04,13.079,2.744,1.157,-0.0,1.568,2.142,-8.606,0.573,0.039,2545.02,0,0,0,0,0,0,3,3,15108,35961,2,5,0,1
2_8_8_1,2,8,8,1,35961,15108,35961,AdCourt,181.97 KPH,NA,0.23 Metre,-11.014,1.616,2.665,0,Faulty Serve,Net Error,True,NA,BackHand,0.93 Metre,NA,Net Error,False,False,True,-0.229,-2.224,0.033,Body,,,,-11.014,1.616,2.665,-0.229,-2.224,0.033,,,,,,,,,,NA,1,0,0,0,0,0,4,3,15108,35961,2,5,0,1
2_8_8_2,2,8,8,2,35961,15108,15108,AdCourt,129 KPH,Kick,NA,-11.182,1.616,2.711,2,Forced Error,NA,False,Ground,BackHand,NA,NA,NA,False,False,True,4.627,-3.167,0.033,Wide,,,,-11.933,2.259,0.864,12.885,-3.845,0.03,10.766,-4.974,1.549,0.0,-1.435,1.617,-9.245,1.401,0.039,1462.86,0,0,0,0,0,0,4,3,15108,35961,2,5,0,1
2_8_9_1,2,8,9,1,35961,15108,35961,DeuceCourt,177 KPH,Flat,NA,-11.063,-1.154,2.67,5,Forced Error,NA,True,Ground,ForeHand,1.8 Metre,NA,NA,False,False,True,4.888,0.759,0.047,T,,,,13.833,3.246,0.656,8.76,3.076,0.038,12.97,1.825,1.294,0.0,2.652,1.559,-7.217,3.235,0.036,0,0,0,0,0,0,0,4,4,15108,35961,2,5,0,1
2_8_10_1,2,8,10,1,35961,15108,35961,AdCourt,172.05 KPH,Flat,0.39 Metre,-11.087,1.488,2.586,0,Faulty Serve,Wide Error,False,NA,BackHand,1.1 Metre,NA,NA,False,False,True,5.415,0.392,0.047,T,,,,-11.087,1.488,2.586,5.415,0.392,0.047,,,,,,,,,,NA,1,0,0,0,0,0,5,4,15108,35961,2,5,0,1
2_8_10_2,2,8,10,2,35961,15108,35961,AdCourt,139 KPH,Kick,NA,-11.255,1.862,2.729,5,Unforced Error,NA,False,Ground,BackHand,1.6 Metre,NA,Wide Error,False,False,True,5.074,-1.534,0.035,Body,,,,13.376,-2.737,1.225,-10.37,-4.267,0.034,10.941,-2.74,1.62,0.0,-1.875,1.508,-8.686,-1.057,0.036,1592.52,0,0,0,0,0,0,5,4,15108,35961,2,5,0,1
